_id,clave_entidad,entidad_federativa,clave_municipio,municipio,grupo,poblacion,pobreza_porcentaje,carencia_rezago_educativo_porcentaje,carencia_servicios_de_salud_porcentaje,carencia_seguridad_social_porcentaje,carencia_calidad_espacios_vivienda_porcentaje,carencia_servicios_basicos_vivienda_porcentaje,carencia_alimentacion_nutritiva_calidad_porcentaje,ingreso_inferior_a_lpi_porcentaje,periodo,entidad,entidad_federativa_etq
1902,26,Sonora,26001,Aconchi,Población por sexo: mujeres,1309,-999.0,12.417219,-999.0,53.559603,-999.0,-999.0,13.824503,-999.0,2020-01-01,Sonora,Sonora
1903,26,Sonora,26002,Agua Prieta,Población por sexo: mujeres,49425,32.81984,11.817894,26.918782,41.515539,6.367151,2.832779,22.226869,43.059625,2020-01-01,Sonora,Sonora
1904,26,Sonora,26003,Álamos,Población por sexo: mujeres,12813,51.184635,25.560543,12.83271,62.325914,25.811811,48.530237,37.882663,54.583033,2020-01-01,Sonora,Sonora
1905,26,Sonora,26004,Altar,Población por sexo: mujeres,5084,46.996349,20.360825,22.05756,70.747423,-999.0,4.2311,21.670962,52.647552,2020-01-01,Sonora,Sonora
1906,26,Sonora,26005,Arivechi,Población por sexo: mujeres,626,29.667254,22.711268,-999.0,55.28169,-999.0,-999.0,12.147887,-999.0,2020-01-01,Sonora,Sonora
1907,26,Sonora,26006,Arizpe,Población por sexo: mujeres,1429,-999.0,18.611747,20.594966,63.157895,6.559878,-999.0,8.77193,-999.0,2020-01-01,Sonora,Sonora
1908,26,Sonora,26007,Atil,Población por sexo: mujeres,336,-999.0,10.897436,21.153846,67.307692,-999.0,-999.0,-999.0,-999.0,2020-01-01,Sonora,Sonora
1909,26,Sonora,26008,Bacadéhuachi,Población por sexo: mujeres,491,50.914661,23.851204,16.19256,67.177243,-999.0,-999.0,15.098468,56.584245,2020-01-01,Sonora,Sonora
1910,26,Sonora,26009,Bacanora,Población por sexo: mujeres,388,29.095506,26.123596,17.977528,60.674157,4.213483,-999.0,-999.0,32.272472,2020-01-01,Sonora,Sonora
1911,26,Sonora,26010,Bacerac,Población por sexo: mujeres,662,42.761438,18.627451,24.673203,75.980392,-999.0,-999.0,14.542484,45.79902,2020-01-01,Sonora,Sonora
1912,26,Sonora,26011,Bacoachi,Población por sexo: mujeres,777,41.914566,17.507003,11.904762,65.12605,-999.0,-999.0,5.182073,49.820728,2020-01-01,Sonora,Sonora
1913,26,Sonora,26012,Bácum,Población por sexo: mujeres,12507,40.935519,17.563238,15.715757,45.04151,12.847934,21.419207,31.962074,49.622441,2020-01-01,Sonora,Sonora
1914,26,Sonora,26013,Banámichi,Población por sexo: mujeres,950,-999.0,13.921114,7.772622,46.055684,-999.0,-999.0,-999.0,-999.0,2020-01-01,Sonora,Sonora
1915,26,Sonora,26014,Baviácora,Población por sexo: mujeres,1632,-999.0,15.968064,11.177645,58.882236,3.526281,-999.0,11.111111,-999.0,2020-01-01,Sonora,Sonora
1916,26,Sonora,26015,Bavispe,Población por sexo: mujeres,586,58.118738,15.584416,51.391466,80.333952,-999.0,-999.0,5.380334,61.300557,2020-01-01,Sonora,Sonora
1917,26,Sonora,26016,Benjamín Hill,Población por sexo: mujeres,2669,31.28664,15.465587,4.331984,37.692308,6.315789,-999.0,16.518219,45.967206,2020-01-01,Sonora,Sonora
1918,26,Sonora,26017,Caborca,Población por sexo: mujeres,47424,31.549746,17.039484,24.022052,45.558141,6.945941,-999.0,16.832205,40.629294,2020-01-01,Sonora,Sonora
1919,26,Sonora,26018,Cajeme,Población por sexo: mujeres,231076,28.750738,9.416379,13.228222,26.55987,4.164631,2.475863,23.513752,44.427879,2020-01-01,Sonora,Sonora
1920,26,Sonora,26019,Cananea,Población por sexo: mujeres,18976,29.234544,8.802657,7.994151,34.700557,4.073462,-999.0,16.123703,44.245563,2020-01-01,Sonora,Sonora
1921,26,Sonora,26020,Carbó,Población por sexo: mujeres,2496,47.252714,20.277898,16.456795,64.958749,10.377768,-999.0,13.026487,56.065567,2020-01-01,Sonora,Sonora
1922,26,Sonora,26021,La Colorada,Población por sexo: mujeres,881,21.630711,21.954315,12.817259,42.258883,9.898477,-999.0,-999.0,28.917513,2020-01-01,Sonora,Sonora
1923,26,Sonora,26022,Cucurpe,Población por sexo: mujeres,421,35.513089,22.251309,-999.0,60.732984,-999.0,-999.0,-999.0,43.253927,2020-01-01,Sonora,Sonora
1924,26,Sonora,26023,Cumpas,Población por sexo: mujeres,3110,18.509684,10.25825,-999.0,37.374462,-999.0,-999.0,8.249641,28.576399,2020-01-01,Sonora,Sonora
1925,26,Sonora,26024,Divisaderos,Población por sexo: mujeres,380,33.21875,15.909091,-999.0,62.215909,-999.0,-999.0,11.931818,39.085227,2020-01-01,Sonora,Sonora
1926,26,Sonora,26025,Empalme,Población por sexo: mujeres,27974,35.567635,13.66685,16.413414,30.446358,8.718443,10.627212,32.095533,48.924409,2020-01-01,Sonora,Sonora
1927,26,Sonora,26026,Etchojoa,Población por sexo: mujeres,35280,57.486405,12.164187,12.02097,52.442232,24.930959,54.685,47.298319,62.53729,2020-01-01,Sonora,Sonora
1928,26,Sonora,26027,Fronteras,Población por sexo: mujeres,4834,26.702461,11.879195,14.317673,38.836689,6.532438,-999.0,13.10962,43.24094,2020-01-01,Sonora,Sonora
1929,26,Sonora,26028,Granados,Población por sexo: mujeres,516,-999.0,13.062099,12.633833,59.957173,-999.0,-888.0,-999.0,-999.0,2020-01-01,Sonora,Sonora
1930,26,Sonora,26029,Guaymas,Población por sexo: mujeres,84770,31.999208,13.390976,18.116485,31.069003,13.533142,15.020449,25.620258,42.98957,2020-01-01,Sonora,Sonora
1931,26,Sonora,26030,Hermosillo,Población por sexo: mujeres,497637,21.877464,8.807244,17.973847,30.632831,5.380896,1.964317,16.54855,31.503944,2020-01-01,Sonora,Sonora
1932,26,Sonora,26031,Huachinera,Población por sexo: mujeres,620,44.480769,17.482517,10.13986,75.699301,-999.0,-999.0,14.51049,49.138112,2020-01-01,Sonora,Sonora
1933,26,Sonora,26032,Huásabas,Población por sexo: mujeres,447,19.719424,14.868106,11.031175,52.038369,-999.0,-999.0,-999.0,25.935252,2020-01-01,Sonora,Sonora
1934,26,Sonora,26033,Huatabampo,Población por sexo: mujeres,37362,50.141959,12.562793,10.547258,49.976562,15.094977,19.763881,35.653346,60.971056,2020-01-01,Sonora,Sonora
1935,26,Sonora,26034,Huépac,Población por sexo: mujeres,483,-999.0,11.818182,-999.0,35.227273,-999.0,-888.0,-999.0,-999.0,2020-01-01,Sonora,Sonora
1936,26,Sonora,26035,Imuris,Población por sexo: mujeres,6102,37.462244,14.714725,25.34271,57.092267,9.863026,-999.0,20.060701,44.556978,2020-01-01,Sonora,Sonora
1937,26,Sonora,26036,Magdalena,Población por sexo: mujeres,16884,28.4591,10.75784,19.01914,40.761516,7.149351,-999.0,18.399489,37.740059,2020-01-01,Sonora,Sonora
1938,26,Sonora,26037,Mazatán,Población por sexo: mujeres,542,32.486922,17.706237,34.607646,62.77666,-999.0,-999.0,-999.0,37.49497,2020-01-01,Sonora,Sonora
1939,26,Sonora,26038,Moctezuma,Población por sexo: mujeres,2814,21.785185,10.916179,-999.0,47.368421,-999.0,-999.0,4.444444,30.326316,2020-01-01,Sonora,Sonora
1940,26,Sonora,26039,Naco,Población por sexo: mujeres,3104,49.079273,12.872727,34.327273,62.145455,6.036364,-999.0,20.472727,60.265091,2020-01-01,Sonora,Sonora
1941,26,Sonora,26040,Nácori Chico,Población por sexo: mujeres,772,55.568214,27.566807,-999.0,71.026723,6.891702,-999.0,-999.0,60.293952,2020-01-01,Sonora,Sonora
1942,26,Sonora,26041,Nacozari de García,Población por sexo: mujeres,7101,18.322874,9.974933,6.662835,19.580184,10.540698,-999.0,14.228885,-999.0,2020-01-01,Sonora,Sonora
1943,26,Sonora,26042,Navojoa,Población por sexo: mujeres,97957,38.624718,11.624638,10.738819,27.116399,10.420215,31.070826,38.301653,49.104685,2020-01-01,Sonora,Sonora
1944,26,Sonora,26043,Nogales,Población por sexo: mujeres,139532,29.470997,9.42154,14.123454,29.071172,8.16067,13.562225,13.780222,42.664234,2020-01-01,Sonora,Sonora
1945,26,Sonora,26044,Ónavas,Población por sexo: mujeres,194,-999.0,27.325581,41.860465,71.511628,7.55814,-999.0,9.302326,-999.0,2020-01-01,Sonora,Sonora
1946,26,Sonora,26045,Opodepe,Población por sexo: mujeres,1189,37.273655,18.089054,22.170686,54.45269,10.853432,8.627087,16.233766,-999.0,2020-01-01,Sonora,Sonora
1947,26,Sonora,26046,Oquitoa,Población por sexo: mujeres,282,24.067925,11.320755,38.490566,66.037736,4.90566,-999.0,9.433962,26.724528,2020-01-01,Sonora,Sonora
1948,26,Sonora,26047,Pitiquito,Población por sexo: mujeres,4759,29.875545,16.004592,-999.0,49.299656,11.756602,-999.0,-999.0,36.974742,2020-01-01,Sonora,Sonora
1949,26,Sonora,26048,Puerto Peñasco,Población por sexo: mujeres,33719,36.289742,14.485924,24.747169,48.63626,9.422523,3.081692,25.526496,44.345101,2020-01-01,Sonora,Sonora
1950,26,Sonora,26049,Quiriego,Población por sexo: mujeres,1552,57.187919,28.337062,9.992543,59.806115,25.1305,51.826995,27.59135,61.871738,2020-01-01,Sonora,Sonora
1951,26,Sonora,26050,Rayón,Población por sexo: mujeres,728,39.33985,22.255639,8.270677,65.714286,7.518797,-999.0,11.729323,44.091729,2020-01-01,Sonora,Sonora
1952,26,Sonora,26051,Rosario,Población por sexo: mujeres,2489,38.817505,32.472648,16.849015,48.971554,14.52954,23.238512,15.667396,45.2407,2020-01-01,Sonora,Sonora
1953,26,Sonora,26052,Sahuaripa,Población por sexo: mujeres,2694,39.141389,20.427456,-999.0,65.803535,9.864365,-999.0,13.5224,44.063707,2020-01-01,Sonora,Sonora
1954,26,Sonora,26053,San Felipe de Jesús,Población por sexo: mujeres,179,-999.0,9.52381,4.166667,47.619048,1.785714,0.595238,8.928571,-999.0,2020-01-01,Sonora,Sonora
1955,26,Sonora,26054,San Javier,Población por sexo: mujeres,257,-999.0,13.75,20.833333,60.833333,23.75,3.333333,7.916667,-999.0,2020-01-01,Sonora,Sonora
1956,26,Sonora,26055,San Luis Río Colorado,Población por sexo: mujeres,99029,40.889495,15.428123,26.468206,52.672958,11.191941,4.333073,17.791439,50.509904,2020-01-01,Sonora,Sonora
1957,26,Sonora,26056,San Miguel de Horcasitas,Población por sexo: mujeres,5990,62.953225,40.499776,55.64174,84.66557,39.273414,34.928148,31.165315,65.029705,2020-01-01,Sonora,Sonora
1958,26,Sonora,26057,San Pedro de la Cueva,Población por sexo: mujeres,721,35.173502,21.451104,30.914826,61.987382,13.40694,-999.0,-999.0,40.403785,2020-01-01,Sonora,Sonora
1959,26,Sonora,26058,Santa Ana,Población por sexo: mujeres,8356,26.952216,11.837796,15.607614,42.976911,5.70143,-999.0,20.609131,36.642549,2020-01-01,Sonora,Sonora
1960,26,Sonora,26059,Santa Cruz,Población por sexo: mujeres,984,36.189286,14.285714,10.595238,50.119048,-999.0,-999.0,-999.0,52.253571,2020-01-01,Sonora,Sonora
1961,26,Sonora,26060,Sáric,Población por sexo: mujeres,1063,49.002103,21.766562,24.079916,81.913775,5.993691,-999.0,19.348055,51.238696,2020-01-01,Sonora,Sonora
1962,26,Sonora,26061,Soyopa,Población por sexo: mujeres,638,-999.0,22.959184,38.435374,60.714286,10.204082,-999.0,10.204082,-999.0,2020-01-01,Sonora,Sonora
1963,26,Sonora,26062,Suaqui Grande,Población por sexo: mujeres,545,26.680473,25.443787,29.783037,62.524655,-999.0,-999.0,-999.0,30.753452,2020-01-01,Sonora,Sonora
1964,26,Sonora,26063,Tepache,Población por sexo: mujeres,592,32.05425,17.540687,10.669078,58.047016,-999.0,-999.0,15.913201,38.835443,2020-01-01,Sonora,Sonora
1965,26,Sonora,26064,Trincheras,Población por sexo: mujeres,684,32.033386,19.077901,32.432432,67.249603,-999.0,-999.0,-999.0,35.384738,2020-01-01,Sonora,Sonora
1966,26,Sonora,26065,Tubutama,Población por sexo: mujeres,740,36.785294,21.323529,18.235294,80.0,-999.0,-999.0,18.382353,38.292647,2020-01-01,Sonora,Sonora
1967,26,Sonora,26066,Ures,Población por sexo: mujeres,4362,21.604552,15.782891,5.777889,53.376688,-999.0,-999.0,15.082541,26.585043,2020-01-01,Sonora,Sonora
1968,26,Sonora,26067,Villa Hidalgo,Población por sexo: mujeres,725,23.58631,19.345238,15.922619,39.136905,-999.0,-999.0,9.375,33.043155,2020-01-01,Sonora,Sonora
1969,26,Sonora,26068,Villa Pesqueira,Población por sexo: mujeres,480,24.479638,17.19457,30.090498,57.013575,-999.0,-999.0,-999.0,27.585973,2020-01-01,Sonora,Sonora
1970,26,Sonora,26069,Yécora,Población por sexo: mujeres,2543,75.611421,30.313439,18.419923,79.562044,19.708029,-999.0,33.0614,79.643624,2020-01-01,Sonora,Sonora
1971,26,Sonora,26070,General Plutarco Elías Calles,Población por sexo: mujeres,7101,46.634386,16.525953,29.767081,67.220888,9.352256,5.224738,22.822923,51.041776,2020-01-01,Sonora,Sonora
1972,26,Sonora,26071,Benito Juárez,Población por sexo: mujeres,11242,48.767342,14.39025,19.174789,51.809737,13.705468,21.21461,36.112303,57.290359,2020-01-01,Sonora,Sonora
1973,26,Sonora,26072,San Ignacio Río Muerto,Población por sexo: mujeres,7993,57.701864,16.729441,18.734133,52.172108,23.974315,49.976025,37.841444,63.438803,2020-01-01,Sonora,Sonora
4359,26,Sonora,26001,Aconchi,Población por sexo: mujeres,1369,20.337229,16.277129,7.512521,59.682805,11.268781,-999.0,-999.0,23.466611,2015-01-01,Sonora,Sonora
4360,26,Sonora,26002,Agua Prieta,Población por sexo: mujeres,43161,33.663357,12.400883,18.546363,37.6396,8.105328,2.63852,21.606271,44.084695,2015-01-01,Sonora,Sonora
4361,26,Sonora,26003,Álamos,Población por sexo: mujeres,11729,51.152026,24.377654,5.208779,70.801773,19.05796,48.33417,25.691265,53.353498,2015-01-01,Sonora,Sonora
4362,26,Sonora,26004,Altar,Población por sexo: mujeres,5076,48.021843,18.976109,14.379977,71.808874,11.49033,6.348123,16.473265,53.102162,2015-01-01,Sonora,Sonora
4363,26,Sonora,26005,Arivechi,Población por sexo: mujeres,603,26.644105,24.017467,10.69869,61.790393,-999.0,24.017467,20.960699,28.358079,2015-01-01,Sonora,Sonora
4364,26,Sonora,26006,Arizpe,Población por sexo: mujeres,1378,26.430098,18.878005,16.117542,71.326803,5.07569,-999.0,-999.0,28.73642,2015-01-01,Sonora,Sonora
4365,26,Sonora,26007,Atil,Población por sexo: mujeres,306,-999.0,15.969582,-999.0,58.174905,-999.0,-999.0,-999.0,-999.0,2015-01-01,Sonora,Sonora
4366,26,Sonora,26008,Bacadéhuachi,Población por sexo: mujeres,531,33.506579,25.0,5.921053,70.065789,-999.0,-999.0,-999.0,35.865132,2015-01-01,Sonora,Sonora
4367,26,Sonora,26009,Bacanora,Población por sexo: mujeres,388,-999.0,27.113703,-999.0,60.932945,-999.0,-999.0,-999.0,-999.0,2015-01-01,Sonora,Sonora
4368,26,Sonora,26010,Bacerac,Población por sexo: mujeres,677,43.665625,22.8125,-999.0,76.875,-999.0,32.5,-999.0,46.271875,2015-01-01,Sonora,Sonora
4369,26,Sonora,26011,Bacoachi,Población por sexo: mujeres,800,34.169463,13.590604,6.208054,69.966443,-999.0,-999.0,-999.0,39.728188,2015-01-01,Sonora,Sonora
4370,26,Sonora,26012,Bácum,Población por sexo: mujeres,11079,46.309688,16.841981,9.83056,47.536739,17.000657,21.219,31.497898,59.246821,2015-01-01,Sonora,Sonora
4371,26,Sonora,26013,Banámichi,Población por sexo: mujeres,840,22.812914,12.086093,6.291391,58.443709,-999.0,-999.0,-999.0,-999.0,2015-01-01,Sonora,Sonora
4372,26,Sonora,26014,Baviácora,Población por sexo: mujeres,1657,15.942725,17.511521,7.899934,62.277814,6.649111,3.686636,5.529954,-999.0,2015-01-01,Sonora,Sonora
4373,26,Sonora,26015,Bavispe,Población por sexo: mujeres,705,46.486762,22.606925,-999.0,83.095723,-999.0,-999.0,-999.0,48.763747,2015-01-01,Sonora,Sonora
4374,26,Sonora,26016,Benjamín Hill,Población por sexo: mujeres,2836,33.31164,17.229871,4.046725,40.926158,-999.0,4.755945,16.353776,44.148102,2015-01-01,Sonora,Sonora
4375,26,Sonora,26017,Caborca,Población por sexo: mujeres,44845,32.654525,17.804139,14.589083,45.532424,10.223719,7.828348,27.165886,40.781315,2015-01-01,Sonora,Sonora
4376,26,Sonora,26018,Cajeme,Población por sexo: mujeres,227988,28.788702,10.020593,9.818705,27.392172,5.779555,3.279325,21.551679,43.004185,2015-01-01,Sonora,Sonora
4377,26,Sonora,26019,Cananea,Población por sexo: mujeres,18382,26.395164,8.517437,5.945546,38.784663,5.386505,4.646082,12.370026,37.436342,2015-01-01,Sonora,Sonora
4378,26,Sonora,26020,Carbó,Población por sexo: mujeres,2480,43.742397,20.527728,11.314848,66.592129,11.851521,8.452594,19.275492,49.777281,2015-01-01,Sonora,Sonora
4379,26,Sonora,26021,La Colorada,Población por sexo: mujeres,966,-999.0,25.717566,14.925373,49.827784,9.299656,19.173364,11.481056,-999.0,2015-01-01,Sonora,Sonora
4380,26,Sonora,26022,Cucurpe,Población por sexo: mujeres,451,21.048101,25.822785,8.860759,62.531646,-999.0,-999.0,-999.0,24.043038,2015-01-01,Sonora,Sonora
4381,26,Sonora,26023,Cumpas,Población por sexo: mujeres,3189,22.995923,10.934025,1.779096,42.809489,-999.0,3.817643,8.969607,33.640474,2015-01-01,Sonora,Sonora
4382,26,Sonora,26024,Divisaderos,Población por sexo: mujeres,364,-999.0,20.735786,4.347826,64.882943,-999.0,-999.0,18.060201,-999.0,2015-01-01,Sonora,Sonora
4383,26,Sonora,26025,Empalme,Población por sexo: mujeres,29545,28.38106,13.074097,8.859283,30.21597,10.075955,6.236532,27.271411,38.589286,2015-01-01,Sonora,Sonora
4384,26,Sonora,26026,Etchojoa,Población por sexo: mujeres,29484,50.337284,13.508791,8.486784,55.975561,26.56403,53.061569,35.851543,57.341486,2015-01-01,Sonora,Sonora
4385,26,Sonora,26027,Fronteras,Población por sexo: mujeres,4480,25.195893,11.585045,7.082675,28.38336,5.9505,4.47604,9.978936,41.844655,2015-01-01,Sonora,Sonora
4386,26,Sonora,26028,Granados,Población por sexo: mujeres,550,-999.0,12.854031,5.446623,59.259259,-999.0,-999.0,-999.0,-999.0,2015-01-01,Sonora,Sonora
4387,26,Sonora,26029,Guaymas,Población por sexo: mujeres,85099,30.87963,12.09261,9.46636,29.495879,12.159181,14.529139,32.999454,39.524699,2015-01-01,Sonora,Sonora
4388,26,Sonora,26030,Hermosillo,Población por sexo: mujeres,468035,19.476527,9.848736,9.279154,29.080701,5.506769,4.176847,21.028661,26.027234,2015-01-01,Sonora,Sonora
4389,26,Sonora,26031,Huachinera,Población por sexo: mujeres,611,31.79702,21.60149,8.193669,77.281192,-999.0,29.422719,17.318436,32.977654,2015-01-01,Sonora,Sonora
4390,26,Sonora,26032,Huásabas,Población por sexo: mujeres,425,-999.0,17.563739,9.065156,54.674221,-999.0,-999.0,-999.0,-999.0,2015-01-01,Sonora,Sonora
4391,26,Sonora,26033,Huatabampo,Población por sexo: mujeres,41315,45.873776,14.10381,5.525051,54.352911,15.759572,32.801666,32.76076,52.68609,2015-01-01,Sonora,Sonora
4392,26,Sonora,26034,Huépac,Población por sexo: mujeres,478,-999.0,14.521452,-999.0,40.264026,-999.0,-999.0,-999.0,-999.0,2015-01-01,Sonora,Sonora
4393,26,Sonora,26035,Imuris,Población por sexo: mujeres,6535,28.956737,16.901187,19.325788,64.223915,9.214114,5.31437,15.542551,31.871897,2015-01-01,Sonora,Sonora
4394,26,Sonora,26036,Magdalena,Población por sexo: mujeres,16141,28.499932,13.078666,11.205894,41.295252,7.163531,1.704854,17.825853,37.3651,2015-01-01,Sonora,Sonora
4395,26,Sonora,26037,Mazatán,Población por sexo: mujeres,589,20.465028,17.202268,10.20794,60.680529,-999.0,-999.0,-999.0,24.89603,2015-01-01,Sonora,Sonora
4396,26,Sonora,26038,Moctezuma,Población por sexo: mujeres,2609,23.118568,11.096197,1.655481,44.876957,-999.0,-999.0,10.246085,30.098881,2015-01-01,Sonora,Sonora
4397,26,Sonora,26039,Naco,Población por sexo: mujeres,3200,30.680401,12.934432,16.087424,60.12182,8.49158,-999.0,13.937657,36.372626,2015-01-01,Sonora,Sonora
4398,26,Sonora,26040,Nácori Chico,Población por sexo: mujeres,1005,61.871261,32.639792,9.752926,76.592978,9.882965,20.416125,13.784135,65.620286,2015-01-01,Sonora,Sonora
4399,26,Sonora,26041,Nacozari de García,Población por sexo: mujeres,7050,16.228943,9.726446,3.973172,20.520199,14.046715,-999.0,16.152556,22.954538,2015-01-01,Sonora,Sonora
4400,26,Sonora,26042,Navojoa,Población por sexo: mujeres,85584,36.127359,12.410429,8.363364,30.249875,11.953791,23.83276,25.25698,47.963333,2015-01-01,Sonora,Sonora
4401,26,Sonora,26043,Nogales,Población por sexo: mujeres,126191,24.574263,9.362367,13.166242,30.59005,7.45502,10.096027,23.027165,32.009645,2015-01-01,Sonora,Sonora
4402,26,Sonora,26044,Ónavas,Población por sexo: mujeres,222,-999.0,28.358209,-999.0,63.18408,-999.0,-999.0,-999.0,-999.0,2015-01-01,Sonora,Sonora
4403,26,Sonora,26045,Opodepe,Población por sexo: mujeres,1299,31.846678,21.550256,10.051107,64.735945,12.776831,17.802385,17.120954,34.157581,2015-01-01,Sonora,Sonora
4404,26,Sonora,26046,Oquitoa,Población por sexo: mujeres,214,-999.0,30.434783,-999.0,67.080745,-999.0,-999.0,-999.0,-999.0,2015-01-01,Sonora,Sonora
4405,26,Sonora,26047,Pitiquito,Población por sexo: mujeres,4819,27.71432,16.816089,6.590744,40.998304,15.628786,4.943058,11.630724,35.569421,2015-01-01,Sonora,Sonora
4406,26,Sonora,26048,Puerto Peñasco,Población por sexo: mujeres,31947,39.829311,13.757127,13.353112,47.061404,9.762216,2.849199,28.032165,49.51049,2015-01-01,Sonora,Sonora
4407,26,Sonora,26049,Quiriego,Población por sexo: mujeres,1388,63.886565,30.571199,10.217216,75.221239,25.744167,44.408689,9.895414,67.240547,2015-01-01,Sonora,Sonora
4408,26,Sonora,26050,Rayón,Población por sexo: mujeres,717,31.202247,24.558587,3.852327,68.378812,-999.0,-999.0,16.532905,33.086677,2015-01-01,Sonora,Sonora
4409,26,Sonora,26051,Rosario,Población por sexo: mujeres,2490,50.122411,25.800377,7.344633,53.625235,15.160075,32.156309,12.806026,60.310264,2015-01-01,Sonora,Sonora
4410,26,Sonora,26052,Sahuaripa,Población por sexo: mujeres,2800,40.038121,20.700355,10.505319,62.367021,9.618794,9.131206,13.342199,46.090426,2015-01-01,Sonora,Sonora
4411,26,Sonora,26053,San Felipe de Jesús,Población por sexo: mujeres,196,-999.0,-999.0,-999.0,46.296296,-999.0,-888.0,-999.0,-999.0,2015-01-01,Sonora,Sonora
4412,26,Sonora,26054,San Javier,Población por sexo: mujeres,264,-999.0,20.33195,11.618257,58.506224,25.726141,-999.0,-999.0,-999.0,2015-01-01,Sonora,Sonora
4413,26,Sonora,26055,San Luis Río Colorado,Población por sexo: mujeres,100623,40.287575,15.367073,22.316507,50.02556,9.955512,7.208271,26.218299,48.67213,2015-01-01,Sonora,Sonora
4414,26,Sonora,26056,San Miguel de Horcasitas,Población por sexo: mujeres,4630,50.21082,39.141478,18.491237,86.664973,39.674879,42.214884,29.286259,51.598933,2015-01-01,Sonora,Sonora
4415,26,Sonora,26057,San Pedro de la Cueva,Población por sexo: mujeres,702,-999.0,23.85466,7.266983,58.293839,-999.0,28.278041,5.845182,-999.0,2015-01-01,Sonora,Sonora
4416,26,Sonora,26058,Santa Ana,Población por sexo: mujeres,8610,26.770721,12.496223,5.050388,48.414141,5.51515,4.124565,17.046171,33.302464,2015-01-01,Sonora,Sonora
4417,26,Sonora,26059,Santa Cruz,Población por sexo: mujeres,939,35.333741,13.93643,11.858191,73.471883,-999.0,-999.0,7.090465,38.947433,2015-01-01,Sonora,Sonora
4418,26,Sonora,26060,Sáric,Población por sexo: mujeres,765,-999.0,25.826772,24.88189,82.992126,11.181102,8.661417,23.307087,-999.0,2015-01-01,Sonora,Sonora
4419,26,Sonora,26061,Soyopa,Población por sexo: mujeres,679,24.839798,25.463744,18.381113,61.720067,12.984823,-999.0,-999.0,26.617201,2015-01-01,Sonora,Sonora
4420,26,Sonora,26062,Suaqui Grande,Población por sexo: mujeres,542,-999.0,23.517382,14.110429,67.689162,-999.0,-999.0,13.496933,-999.0,2015-01-01,Sonora,Sonora
4421,26,Sonora,26063,Tepache,Población por sexo: mujeres,619,-999.0,18.909091,7.818182,66.0,-999.0,6.363636,10.909091,-999.0,2015-01-01,Sonora,Sonora
4422,26,Sonora,26064,Trincheras,Población por sexo: mujeres,737,-999.0,22.44582,9.287926,75.541796,-999.0,11.609907,16.408669,-999.0,2015-01-01,Sonora,Sonora
4423,26,Sonora,26065,Tubutama,Población por sexo: mujeres,601,-999.0,20.766129,6.25,74.798387,-999.0,-999.0,15.120968,-999.0,2015-01-01,Sonora,Sonora
4424,26,Sonora,26066,Ures,Población por sexo: mujeres,4388,19.196989,17.492863,3.34804,55.333506,4.490008,3.399948,11.341812,22.74695,2015-01-01,Sonora,Sonora
4425,26,Sonora,26067,Villa Hidalgo,Población por sexo: mujeres,732,-999.0,16.159696,9.315589,47.908745,-999.0,-999.0,-999.0,-999.0,2015-01-01,Sonora,Sonora
4426,26,Sonora,26068,Villa Pesqueira,Población por sexo: mujeres,564,38.614191,19.733925,13.968958,57.649667,-999.0,5.543237,-999.0,45.503326,2015-01-01,Sonora,Sonora
4427,26,Sonora,26069,Yécora,Población por sexo: mujeres,3103,72.506029,27.733119,15.032154,79.581994,16.4791,45.016077,14.228296,76.282556,2015-01-01,Sonora,Sonora
4428,26,Sonora,26070,General Plutarco Elías Calles,Población por sexo: mujeres,-888,-888.0,-888.0,-888.0,-888.0,-888.0,-888.0,-888.0,-888.0,2015-01-01,Sonora,Sonora
4429,26,Sonora,26071,Benito Juárez,Población por sexo: mujeres,11052,43.581933,15.346477,7.29805,55.740039,16.071626,14.632294,32.016732,52.681609,2015-01-01,Sonora,Sonora
4430,26,Sonora,26072,San Ignacio Río Muerto,Población por sexo: mujeres,7047,56.943362,18.132219,7.359718,56.706704,20.498753,38.429135,37.081159,64.076708,2015-01-01,Sonora,Sonora
6815,26,Sonora,26001,Aconchi,Población por sexo: mujeres,1252,-999.0,19.465978,17.054264,62.962963,11.541774,-999.0,9.043928,-999.0,2010-01-01,Sonora,Sonora
6816,26,Sonora,26002,Agua Prieta,Población por sexo: mujeres,39712,36.057579,13.697291,31.888719,49.414818,8.306127,4.954443,16.182465,44.358484,2010-01-01,Sonora,Sonora
6817,26,Sonora,26003,Álamos,Población por sexo: mujeres,13212,64.25578,24.981497,10.241386,77.324309,24.292139,59.430679,53.69047,66.192655,2010-01-01,Sonora,Sonora
6818,26,Sonora,26004,Altar,Población por sexo: mujeres,4613,49.067287,23.836793,37.151038,74.80315,11.596278,10.880458,8.732999,54.788833,2010-01-01,Sonora,Sonora
6819,26,Sonora,26005,Arivechi,Población por sexo: mujeres,589,30.428064,28.063943,21.847247,59.857904,-999.0,17.761989,11.900533,35.010657,2010-01-01,Sonora,Sonora
6820,26,Sonora,26006,Arizpe,Población por sexo: mujeres,1462,-999.0,22.44898,12.547241,69.387755,5.820106,6.878307,4.006047,-999.0,2010-01-01,Sonora,Sonora
6821,26,Sonora,26007,Atil,Población por sexo: mujeres,302,-999.0,14.615385,20.0,66.153846,-999.0,-999.0,-999.0,-999.0,2010-01-01,Sonora,Sonora
6822,26,Sonora,26008,Bacadéhuachi,Población por sexo: mujeres,584,37.8125,27.142857,18.75,72.857143,12.857143,13.571429,21.071429,40.794643,2010-01-01,Sonora,Sonora
6823,26,Sonora,26009,Bacanora,Población por sexo: mujeres,370,45.576271,31.920904,19.20904,64.689266,-999.0,-999.0,-999.0,49.234463,2010-01-01,Sonora,Sonora
6824,26,Sonora,26010,Bacerac,Población por sexo: mujeres,707,43.194785,22.852761,27.300613,76.380368,13.496933,28.220859,30.981595,45.095092,2010-01-01,Sonora,Sonora
6825,26,Sonora,26011,Bacoachi,Población por sexo: mujeres,802,-999.0,20.111732,21.22905,70.810056,6.145251,7.26257,-999.0,-999.0,2010-01-01,Sonora,Sonora
6826,26,Sonora,26012,Bácum,Población por sexo: mujeres,11715,44.708487,15.474458,25.570349,54.919721,14.105763,-999.0,44.814696,50.455407,2010-01-01,Sonora,Sonora
6827,26,Sonora,26013,Banámichi,Población por sexo: mujeres,811,32.665742,15.950069,12.621359,61.85853,12.20527,-999.0,-999.0,39.151179,2010-01-01,Sonora,Sonora
6828,26,Sonora,26014,Baviácora,Población por sexo: mujeres,1722,30.219404,21.623335,26.188966,54.343691,6.467977,3.424223,8.116677,37.956246,2010-01-01,Sonora,Sonora
6829,26,Sonora,26015,Bavispe,Población por sexo: mujeres,672,-999.0,22.021661,33.754513,83.935018,-999.0,-999.0,-999.0,-999.0,2010-01-01,Sonora,Sonora
6830,26,Sonora,26016,Benjamín Hill,Población por sexo: mujeres,2724,37.633641,20.967742,12.058372,44.316436,14.285714,7.526882,11.136713,51.643625,2010-01-01,Sonora,Sonora
6831,26,Sonora,26017,Caborca,Población por sexo: mujeres,38706,31.752147,17.600306,22.888114,53.991401,10.560768,12.689013,16.918115,38.920341,2010-01-01,Sonora,Sonora
6832,26,Sonora,26018,Cajeme,Población por sexo: mujeres,201443,27.930249,12.362412,17.835104,33.1124,6.225902,2.50164,25.585152,36.993433,2010-01-01,Sonora,Sonora
6833,26,Sonora,26019,Cananea,Población por sexo: mujeres,18671,36.581028,10.187177,15.171025,65.902764,-999.0,6.796586,6.489271,43.940675,2010-01-01,Sonora,Sonora
6834,26,Sonora,26020,Carbó,Población por sexo: mujeres,1741,51.565501,28.452875,27.208062,73.029046,20.450504,-999.0,26.49674,58.046236,2010-01-01,Sonora,Sonora
6835,26,Sonora,26021,La Colorada,Población por sexo: mujeres,733,-999.0,32.682927,34.634146,60.487805,11.219512,19.674797,-999.0,-999.0,2010-01-01,Sonora,Sonora
6836,26,Sonora,26022,Cucurpe,Población por sexo: mujeres,425,40.754522,29.715762,20.671835,74.677003,-999.0,20.930233,-999.0,-999.0,2010-01-01,Sonora,Sonora
6837,26,Sonora,26023,Cumpas,Población por sexo: mujeres,2884,25.652,14.72,10.96,50.16,-999.0,4.08,6.08,34.2088,2010-01-01,Sonora,Sonora
6838,26,Sonora,26024,Divisaderos,Población por sexo: mujeres,394,-999.0,16.814159,14.749263,63.126844,-999.0,-999.0,-999.0,-999.0,2010-01-01,Sonora,Sonora
6839,26,Sonora,26025,Empalme,Población por sexo: mujeres,28176,35.648274,12.983555,17.23609,42.938562,15.761925,-999.0,38.201745,43.791062,2010-01-01,Sonora,Sonora
6840,26,Sonora,26026,Etchojoa,Población por sexo: mujeres,31160,57.70644,14.472196,21.876626,63.584237,40.48502,58.087765,65.839651,61.369317,2010-01-01,Sonora,Sonora
6841,26,Sonora,26027,Fronteras,Población por sexo: mujeres,4487,33.470963,16.809605,28.056849,37.956383,10.512129,4.459691,13.134036,54.841215,2010-01-01,Sonora,Sonora
6842,26,Sonora,26028,Granados,Población por sexo: mujeres,551,-999.0,18.055556,14.285714,61.507937,-999.0,-999.0,-999.0,32.894841,2010-01-01,Sonora,Sonora
6843,26,Sonora,26029,Guaymas,Población por sexo: mujeres,80928,29.172397,10.412004,11.930674,34.40026,14.931215,16.510316,43.339805,34.093679,2010-01-01,Sonora,Sonora
6844,26,Sonora,26030,Hermosillo,Población por sexo: mujeres,406554,25.492173,10.295671,19.639841,39.143874,8.279418,6.555554,17.002315,33.210852,2010-01-01,Sonora,Sonora
6845,26,Sonora,26031,Huachinera,Población por sexo: mujeres,644,31.887417,26.15894,20.198675,80.629139,14.569536,17.880795,12.748344,32.988411,2010-01-01,Sonora,Sonora
6846,26,Sonora,26032,Huásabas,Población por sexo: mujeres,445,52.017327,18.564356,19.554455,57.920792,-999.0,-999.0,-999.0,65.460396,2010-01-01,Sonora,Sonora
6847,26,Sonora,26033,Huatabampo,Población por sexo: mujeres,45621,53.208755,15.597,-999.0,64.848641,19.334451,-999.0,66.279229,56.156021,2010-01-01,Sonora,Sonora
6848,26,Sonora,26034,Huépac,Población por sexo: mujeres,558,-999.0,15.560166,10.788382,42.116183,-999.0,-999.0,-999.0,-999.0,2010-01-01,Sonora,Sonora
6849,26,Sonora,26035,Imuris,Población por sexo: mujeres,5860,40.897898,15.934975,34.988875,68.330616,11.114525,-999.0,29.142631,46.071109,2010-01-01,Sonora,Sonora
6850,26,Sonora,26036,Magdalena,Población por sexo: mujeres,15892,33.67038,14.667011,21.88681,51.222966,6.114458,-999.0,13.224032,42.122217,2010-01-01,Sonora,Sonora
6851,26,Sonora,26037,Mazatán,Población por sexo: mujeres,615,-999.0,20.637899,31.144465,58.724203,-999.0,-999.0,-999.0,-999.0,2010-01-01,Sonora,Sonora
6852,26,Sonora,26038,Moctezuma,Población por sexo: mujeres,2896,26.718823,14.794733,4.957397,49.651433,4.027885,-999.0,-999.0,35.489543,2010-01-01,Sonora,Sonora
6853,26,Sonora,26039,Naco,Población por sexo: mujeres,3025,53.675067,18.289423,42.535319,70.866743,9.507446,-999.0,7.025582,63.548301,2010-01-01,Sonora,Sonora
6854,26,Sonora,26040,Nácori Chico,Población por sexo: mujeres,978,59.746401,31.229236,24.584718,79.844961,10.188261,21.92691,20.598007,63.025471,2010-01-01,Sonora,Sonora
6855,26,Sonora,26041,Nacozari de García,Población por sexo: mujeres,5061,19.922214,12.504315,10.354627,19.525367,9.968194,-999.0,-999.0,36.025159,2010-01-01,Sonora,Sonora
6856,26,Sonora,26042,Navojoa,Población por sexo: mujeres,93494,41.490081,12.000334,15.708495,41.011352,18.159274,34.919223,46.912521,46.993112,2010-01-01,Sonora,Sonora
6857,26,Sonora,26043,Nogales,Población por sexo: mujeres,109456,30.277734,10.725081,20.830957,34.902886,8.798012,26.928819,16.080303,38.072033,2010-01-01,Sonora,Sonora
6858,26,Sonora,26044,Ónavas,Población por sexo: mujeres,178,-999.0,45.762712,32.20339,51.694915,-999.0,-999.0,-999.0,-999.0,2010-01-01,Sonora,Sonora
6859,26,Sonora,26045,Opodepe,Población por sexo: mujeres,1338,46.47931,23.275862,15.603448,67.844828,15.689655,23.62069,35.603448,51.228448,2010-01-01,Sonora,Sonora
6860,26,Sonora,26046,Oquitoa,Población por sexo: mujeres,228,-999.0,14.814815,23.280423,58.201058,-999.0,-999.0,22.222222,-999.0,2010-01-01,Sonora,Sonora
6861,26,Sonora,26047,Pitiquito,Población por sexo: mujeres,3951,33.051118,19.488818,20.999129,44.583212,17.80424,4.676155,-999.0,44.367703,2010-01-01,Sonora,Sonora
6862,26,Sonora,26048,Puerto Peñasco,Población por sexo: mujeres,28064,42.503102,14.737672,25.379393,54.405484,19.797893,6.545284,15.960463,51.128953,2010-01-01,Sonora,Sonora
6863,26,Sonora,26049,Quiriego,Población por sexo: mujeres,1567,49.152422,36.752137,56.481481,74.002849,34.757835,56.908832,64.672365,-999.0,2010-01-01,Sonora,Sonora
6864,26,Sonora,26050,Rayón,Población por sexo: mujeres,748,38.076705,28.551136,28.409091,67.897727,10.227273,9.943182,-999.0,40.883523,2010-01-01,Sonora,Sonora
6865,26,Sonora,26051,Rosario,Población por sexo: mujeres,2460,51.968641,32.404181,21.167247,60.888502,21.689895,36.585366,35.017422,60.893728,2010-01-01,Sonora,Sonora
6866,26,Sonora,26052,Sahuaripa,Población por sexo: mujeres,2894,44.78529,21.396731,37.890045,64.190193,-999.0,-999.0,12.109955,55.628529,2010-01-01,Sonora,Sonora
6867,26,Sonora,26053,San Felipe de Jesús,Población por sexo: mujeres,193,25.582278,-999.0,-999.0,49.367089,-999.0,-999.0,-999.0,33.860759,2010-01-01,Sonora,Sonora
6868,26,Sonora,26054,San Javier,Población por sexo: mujeres,222,-999.0,21.714286,56.0,69.714286,-999.0,-999.0,-888.0,-999.0,2010-01-01,Sonora,Sonora
6869,26,Sonora,26055,San Luis Río Colorado,Población por sexo: mujeres,85623,37.488932,16.351693,37.875063,59.941234,10.017186,8.434495,12.703904,43.675631,2010-01-01,Sonora,Sonora
6870,26,Sonora,26056,San Miguel de Horcasitas,Población por sexo: mujeres,3809,62.138035,42.810099,45.636663,82.87596,42.810099,37.596048,61.772777,64.259879,2010-01-01,Sonora,Sonora
6871,26,Sonora,26057,San Pedro de la Cueva,Población por sexo: mujeres,752,-999.0,26.239067,31.341108,62.682216,-999.0,33.236152,6.705539,-999.0,2010-01-01,Sonora,Sonora
6872,26,Sonora,26058,Santa Ana,Población por sexo: mujeres,7366,35.037553,12.296146,21.436334,59.87753,10.526563,8.363853,-999.0,43.953308,2010-01-01,Sonora,Sonora
6873,26,Sonora,26059,Santa Cruz,Población por sexo: mujeres,960,31.266667,17.0,48.777778,80.0,-999.0,17.888889,11.222222,32.748889,2010-01-01,Sonora,Sonora
6874,26,Sonora,26060,Sáric,Población por sexo: mujeres,1273,25.901596,25.620567,21.099291,88.297872,14.98227,13.297872,23.93617,26.496454,2010-01-01,Sonora,Sonora
6875,26,Sonora,26061,Soyopa,Población por sexo: mujeres,575,-999.0,32.412523,31.307551,61.510129,-999.0,9.392265,6.813996,-999.0,2010-01-01,Sonora,Sonora
6876,26,Sonora,26062,Suaqui Grande,Población por sexo: mujeres,522,31.316239,28.205128,38.034188,69.65812,-999.0,-999.0,22.008547,34.621795,2010-01-01,Sonora,Sonora
6877,26,Sonora,26063,Tepache,Población por sexo: mujeres,656,-999.0,24.343257,6.304729,69.527145,-999.0,-999.0,22.416813,-999.0,2010-01-01,Sonora,Sonora
6878,26,Sonora,26064,Trincheras,Población por sexo: mujeres,792,-999.0,28.101644,21.375187,68.161435,16.292975,25.112108,18.38565,-999.0,2010-01-01,Sonora,Sonora
6879,26,Sonora,26065,Tubutama,Población por sexo: mujeres,835,-999.0,24.43038,16.329114,83.797468,7.468354,14.177215,17.468354,-999.0,2010-01-01,Sonora,Sonora
6880,26,Sonora,26066,Ures,Población por sexo: mujeres,3984,33.222311,18.459069,16.773676,56.902087,7.463884,8.266453,6.982343,40.636437,2010-01-01,Sonora,Sonora
6881,26,Sonora,26067,Villa Hidalgo,Población por sexo: mujeres,845,-999.0,23.401535,17.647059,52.941176,-999.0,-999.0,6.649616,-999.0,2010-01-01,Sonora,Sonora
6882,26,Sonora,26068,Villa Pesqueira,Población por sexo: mujeres,570,-999.0,24.448898,19.639279,68.136273,-999.0,6.613226,-999.0,-999.0,2010-01-01,Sonora,Sonora
6883,26,Sonora,26069,Yécora,Población por sexo: mujeres,3086,70.920387,30.245536,49.590774,82.66369,25.855655,60.30506,33.221726,73.857887,2010-01-01,Sonora,Sonora
6884,26,Sonora,26070,General Plutarco Elías Calles,Población por sexo: mujeres,5423,48.610844,20.265028,45.705063,73.601168,15.449777,-999.0,10.596126,55.551951,2010-01-01,Sonora,Sonora
6885,26,Sonora,26071,Benito Juárez,Población por sexo: mujeres,10375,51.232872,16.894954,18.688764,68.254395,22.973305,36.719578,35.741974,55.440867,2010-01-01,Sonora,Sonora
6886,26,Sonora,26072,San Ignacio Río Muerto,Población por sexo: mujeres,7964,55.201706,17.391026,21.03754,64.628234,30.191359,53.404535,63.208497,57.729397,2010-01-01,Sonora,Sonora
9284,26,Sonora,26001,Aconchi,Población por sexo: hombres,1421,-999.0,20.27439,-999.0,63.567073,6.478659,-999.0,12.728659,-999.0,2020-01-01,Sonora,Sonora
9285,26,Sonora,26002,Agua Prieta,Población por sexo: hombres,50337,32.892377,13.727093,29.500294,46.564448,5.65677,2.935241,21.132331,41.59818,2020-01-01,Sonora,Sonora
9286,26,Sonora,26003,Álamos,Población por sexo: hombres,14171,48.890518,27.413705,18.189936,67.995169,27.069955,51.241798,39.880252,51.392941,2020-01-01,Sonora,Sonora
9287,26,Sonora,26004,Altar,Población por sexo: hombres,5026,47.940039,23.940908,32.305018,79.665436,10.840756,5.366066,21.008038,51.225722,2020-01-01,Sonora,Sonora
9288,26,Sonora,26005,Arivechi,Población por sexo: hombres,628,29.578947,22.807018,-999.0,61.578947,-999.0,-999.0,14.561404,34.047368,2020-01-01,Sonora,Sonora
9289,26,Sonora,26006,Arizpe,Población por sexo: hombres,1541,-999.0,24.611033,24.46959,67.609618,6.577086,2.61669,10.466761,-999.0,2020-01-01,Sonora,Sonora
9290,26,Sonora,26007,Atil,Población por sexo: hombres,331,-999.0,12.337662,25.324675,72.727273,-999.0,-999.0,-999.0,-999.0,2020-01-01,Sonora,Sonora
9291,26,Sonora,26008,Bacadéhuachi,Población por sexo: hombres,552,48.947471,27.237354,25.680934,74.319066,-999.0,-999.0,17.70428,53.031128,2020-01-01,Sonora,Sonora
9292,26,Sonora,26009,Bacanora,Población por sexo: hombres,420,28.366234,27.792208,25.974026,67.532468,-999.0,-999.0,13.246753,31.942857,2020-01-01,Sonora,Sonora
9293,26,Sonora,26010,Bacerac,Población por sexo: hombres,639,39.106599,21.827411,31.133672,80.203046,-999.0,-999.0,14.720812,40.752961,2020-01-01,Sonora,Sonora
9294,26,Sonora,26011,Bacoachi,Población por sexo: hombres,794,40.610959,21.643836,16.164384,72.191781,-999.0,-999.0,5.479452,46.571233,2020-01-01,Sonora,Sonora
9295,26,Sonora,26012,Bácum,Población por sexo: hombres,12905,39.937552,22.121479,24.969736,55.237513,13.470687,23.519286,33.936837,45.998884,2020-01-01,Sonora,Sonora
9296,26,Sonora,26013,Banámichi,Población por sexo: hombres,994,-999.0,14.855876,8.203991,54.767184,-999.0,-999.0,-999.0,-999.0,2020-01-01,Sonora,Sonora
9297,26,Sonora,26014,Baviácora,Población por sexo: hombres,1767,-999.0,19.791026,13.890596,66.564229,4.240934,-999.0,11.80086,-999.0,2020-01-01,Sonora,Sonora
9298,26,Sonora,26015,Bavispe,Población por sexo: hombres,659,57.594728,25.370675,59.802306,87.479407,-999.0,-999.0,9.390445,58.92916,2020-01-01,Sonora,Sonora
9299,26,Sonora,26016,Benjamín Hill,Población por sexo: hombres,2644,31.035554,16.346547,5.884757,44.013077,5.39436,3.718839,16.142215,45.249694,2020-01-01,Sonora,Sonora
9300,26,Sonora,26017,Caborca,Población por sexo: hombres,47881,31.165356,18.210447,30.647944,53.704239,7.841679,13.142556,17.44952,38.654302,2020-01-01,Sonora,Sonora
9301,26,Sonora,26018,Cajeme,Población por sexo: hombres,227863,29.14807,9.982459,19.069119,34.099645,4.378542,3.799441,23.726167,42.558939,2020-01-01,Sonora,Sonora
9302,26,Sonora,26019,Cananea,Población por sexo: hombres,18520,27.543034,9.393922,9.569498,37.78772,4.802455,-999.0,15.377626,40.916155,2020-01-01,Sonora,Sonora
9303,26,Sonora,26020,Carbó,Población por sexo: hombres,2772,45.432147,26.515448,23.856081,73.640986,11.458741,4.693,12.788424,50.246382,2020-01-01,Sonora,Sonora
9304,26,Sonora,26021,La Colorada,Población por sexo: hombres,1088,-999.0,31.038027,18.293936,49.331963,10.894142,11.305242,9.455293,-999.0,2020-01-01,Sonora,Sonora
9305,26,Sonora,26022,Cucurpe,Población por sexo: hombres,499,35.556291,27.81457,-999.0,68.211921,-999.0,8.388521,-999.0,40.430464,2020-01-01,Sonora,Sonora
9306,26,Sonora,26023,Cumpas,Población por sexo: hombres,3099,19.937365,12.778978,-999.0,48.344132,9.179266,-999.0,7.847372,26.992801,2020-01-01,Sonora,Sonora
9307,26,Sonora,26024,Divisaderos,Población por sexo: hombres,422,33.667519,14.322251,-999.0,73.657289,-999.0,-999.0,10.741688,38.404092,2020-01-01,Sonora,Sonora
9308,26,Sonora,26025,Empalme,Población por sexo: hombres,27900,35.157374,13.554438,23.390141,40.286782,9.95972,12.182063,31.200019,46.542176,2020-01-01,Sonora,Sonora
9309,26,Sonora,26026,Etchojoa,Población por sexo: hombres,37846,56.834197,15.913627,18.10867,61.13027,25.928608,58.970453,48.188102,60.448248,2020-01-01,Sonora,Sonora
9310,26,Sonora,26027,Fronteras,Población por sexo: hombres,4796,26.557384,15.918828,-999.0,45.930101,5.975197,-999.0,15.264938,38.827283,2020-01-01,Sonora,Sonora
9311,26,Sonora,26028,Granados,Población por sexo: hombres,558,-999.0,20.39604,17.029703,66.138614,-999.0,-999.0,-999.0,-999.0,2020-01-01,Sonora,Sonora
9312,26,Sonora,26029,Guaymas,Población por sexo: hombres,87190,32.862433,16.066551,24.186392,40.377522,15.793908,18.435257,26.869318,41.641871,2020-01-01,Sonora,Sonora
9313,26,Sonora,26030,Hermosillo,Población por sexo: hombres,490456,22.972518,10.601168,24.1617,37.718479,6.251098,2.758336,17.712476,31.077268,2020-01-01,Sonora,Sonora
9314,26,Sonora,26031,Huachinera,Población por sexo: hombres,644,42.678451,24.747475,19.360269,80.30303,-999.0,-999.0,17.340067,45.447811,2020-01-01,Sonora,Sonora
9315,26,Sonora,26032,Huásabas,Población por sexo: hombres,499,19.746781,15.450644,16.95279,55.793991,-999.0,-999.0,-999.0,-999.0,2020-01-01,Sonora,Sonora
9316,26,Sonora,26033,Huatabampo,Población por sexo: hombres,39850,51.781695,14.408916,14.917208,59.691429,16.485357,24.864689,38.841259,59.968808,2020-01-01,Sonora,Sonora
9317,26,Sonora,26034,Huépac,Población por sexo: hombres,521,-999.0,16.0,5.684211,44.842105,-999.0,-999.0,-999.0,-999.0,2020-01-01,Sonora,Sonora
9318,26,Sonora,26035,Imuris,Población por sexo: hombres,6450,35.550495,19.727284,31.652977,62.646113,8.872564,-999.0,18.654914,41.556396,2020-01-01,Sonora,Sonora
9319,26,Sonora,26036,Magdalena,Población por sexo: hombres,17135,28.872996,14.173413,22.406346,45.85769,7.895128,3.678333,19.878242,36.688157,2020-01-01,Sonora,Sonora
9320,26,Sonora,26037,Mazatán,Población por sexo: hombres,631,-999.0,22.83737,44.463668,70.415225,-999.0,-999.0,-999.0,-999.0,2020-01-01,Sonora,Sonora
9321,26,Sonora,26038,Moctezuma,Población por sexo: hombres,2696,22.308381,14.524003,1.912124,55.451587,-999.0,-999.0,5.044752,28.659072,2020-01-01,Sonora,Sonora
9322,26,Sonora,26039,Naco,Población por sexo: hombres,3046,46.567988,16.005928,38.495739,67.135976,5.816969,-999.0,19.785106,55.467581,2020-01-01,Sonora,Sonora
9323,26,Sonora,26040,Nácori Chico,Población por sexo: hombres,859,56.495575,29.077118,32.996207,79.266751,-999.0,12.262958,20.480405,59.054362,2020-01-01,Sonora,Sonora
9324,26,Sonora,26041,Nacozari de García,Población por sexo: hombres,7331,18.237321,10.301071,7.987888,24.715896,10.811672,-999.0,15.771749,-999.0,2020-01-01,Sonora,Sonora
9325,26,Sonora,26042,Navojoa,Población por sexo: hombres,94202,39.156773,13.979776,15.594797,38.181815,11.064228,33.424552,39.031206,47.33027,2020-01-01,Sonora,Sonora
9326,26,Sonora,26043,Nogales,Población por sexo: hombres,141202,29.52856,10.118128,18.112514,35.375334,8.493884,15.35813,14.491147,40.282339,2020-01-01,Sonora,Sonora
9327,26,Sonora,26044,Ónavas,Población por sexo: hombres,194,-999.0,31.395349,40.116279,76.744186,5.813953,-999.0,6.395349,-999.0,2020-01-01,Sonora,Sonora
9328,26,Sonora,26045,Opodepe,Población por sexo: hombres,1408,-999.0,25.15674,30.329154,66.9279,9.169279,12.852665,16.45768,-999.0,2020-01-01,Sonora,Sonora
9329,26,Sonora,26046,Oquitoa,Población por sexo: hombres,247,-999.0,17.672414,47.844828,75.862069,7.327586,-999.0,7.758621,-999.0,2020-01-01,Sonora,Sonora
9330,26,Sonora,26047,Pitiquito,Población por sexo: hombres,4957,28.947322,19.880979,17.853207,54.970245,13.092352,-999.0,-999.0,34.47829,2020-01-01,Sonora,Sonora
9331,26,Sonora,26048,Puerto Peñasco,Población por sexo: hombres,33732,36.499976,16.741526,29.311815,55.342148,10.927864,4.456897,26.605963,42.588036,2020-01-01,Sonora,Sonora
9332,26,Sonora,26049,Quiriego,Población por sexo: hombres,1739,52.940785,29.008649,13.905522,62.741184,23.752495,54.357951,24.883566,56.83167,2020-01-01,Sonora,Sonora
9333,26,Sonora,26050,Rayón,Población por sexo: hombres,866,37.496839,29.077118,13.400759,73.957016,7.964602,6.447535,15.549937,40.730721,2020-01-01,Sonora,Sonora
9334,26,Sonora,26051,Rosario,Población por sexo: hombres,2655,38.601559,33.56586,19.696348,58.309397,15.223636,25.851457,15.059499,43.152647,2020-01-01,Sonora,Sonora
9335,26,Sonora,26052,Sahuaripa,Población por sexo: hombres,2905,38.039634,24.657012,29.230183,70.998476,12.042683,-999.0,14.596037,42.130335,2020-01-01,Sonora,Sonora
9336,26,Sonora,26053,San Felipe de Jesús,Población por sexo: hombres,214,-999.0,-999.0,12.0,50.5,2.0,-999.0,7.0,-999.0,2020-01-01,Sonora,Sonora
9337,26,Sonora,26054,San Javier,Población por sexo: hombres,315,-999.0,21.768707,21.428571,67.006803,24.829932,6.802721,7.482993,-999.0,2020-01-01,Sonora,Sonora
9338,26,Sonora,26055,San Luis Río Colorado,Población por sexo: hombres,104644,41.861235,17.465392,33.198548,61.216424,11.601133,6.142846,18.193507,48.692271,2020-01-01,Sonora,Sonora
9339,26,Sonora,26056,San Miguel de Horcasitas,Población por sexo: hombres,7066,56.87055,39.862012,62.008669,87.416945,37.741553,32.806232,31.058915,58.700676,2020-01-01,Sonora,Sonora
9340,26,Sonora,26057,San Pedro de la Cueva,Población por sexo: hombres,832,35.239398,28.590971,32.010944,65.116279,12.311902,17.920657,-999.0,38.991792,2020-01-01,Sonora,Sonora
9341,26,Sonora,26058,Santa Ana,Población por sexo: hombres,7983,27.611698,14.769692,22.475236,51.535726,5.550956,-999.0,22.5241,34.787724,2020-01-01,Sonora,Sonora
9342,26,Sonora,26059,Santa Cruz,Población por sexo: hombres,970,34.654589,16.908213,14.613527,52.898551,-999.0,-999.0,3.985507,47.636473,2020-01-01,Sonora,Sonora
9343,26,Sonora,26060,Sáric,Población por sexo: hombres,1129,43.554455,27.227723,33.762376,82.970297,7.029703,7.128713,18.316832,45.055446,2020-01-01,Sonora,Sonora
9344,26,Sonora,26061,Soyopa,Población por sexo: hombres,819,-999.0,30.901857,50.530504,71.220159,10.079576,-999.0,9.814324,-999.0,2020-01-01,Sonora,Sonora
9345,26,Sonora,26062,Suaqui Grande,Población por sexo: hombres,642,24.152429,26.130653,34.00335,68.341709,-999.0,-999.0,-999.0,27.103853,2020-01-01,Sonora,Sonora
9346,26,Sonora,26063,Tepache,Población por sexo: hombres,663,31.066129,22.096774,15.483871,66.129032,-999.0,-999.0,16.612903,35.91129,2020-01-01,Sonora,Sonora
9347,26,Sonora,26064,Trincheras,Población por sexo: hombres,787,28.41989,24.171271,40.19337,75.138122,-999.0,5.248619,-999.0,30.328729,2020-01-01,Sonora,Sonora
9348,26,Sonora,26065,Tubutama,Población por sexo: hombres,829,32.793963,28.08399,21.52231,85.170604,-999.0,-999.0,17.585302,33.85958,2020-01-01,Sonora,Sonora
9349,26,Sonora,26066,Ures,Población por sexo: hombres,4742,20.19052,21.537046,10.124252,60.9526,-999.0,4.670962,14.611137,23.171652,2020-01-01,Sonora,Sonora
9350,26,Sonora,26067,Villa Hidalgo,Población por sexo: hombres,797,23.410014,19.215156,21.380244,50.067659,-999.0,-999.0,10.013532,30.660352,2020-01-01,Sonora,Sonora
9351,26,Sonora,26068,Villa Pesqueira,Población por sexo: hombres,630,23.725862,19.482759,39.827586,65.344828,-999.0,11.034483,-999.0,26.472414,2020-01-01,Sonora,Sonora
9352,26,Sonora,26069,Yécora,Población por sexo: hombres,2562,74.073711,36.983383,21.005539,82.19003,20.068172,-999.0,34.597358,77.145718,2020-01-01,Sonora,Sonora
9353,26,Sonora,26070,General Plutarco Elías Calles,Población por sexo: hombres,7185,44.469777,19.903497,37.697134,71.865422,9.173388,8.45343,24.741537,47.759609,2020-01-01,Sonora,Sonora
9354,26,Sonora,26071,Benito Juárez,Población por sexo: hombres,12342,49.982347,16.524627,26.485728,61.975798,14.728633,24.32119,39.240111,55.847741,2020-01-01,Sonora,Sonora
9355,26,Sonora,26072,San Ignacio Río Muerto,Población por sexo: hombres,8928,56.708756,23.408705,28.490632,65.45075,23.478168,53.533714,39.086822,60.717248,2020-01-01,Sonora,Sonora
11741,26,Sonora,26001,Aconchi,Población por sexo: hombres,1493,19.081102,22.264728,11.247131,63.274675,10.405509,-999.0,-999.0,21.803366,2015-01-01,Sonora,Sonora
11742,26,Sonora,26002,Agua Prieta,Población por sexo: hombres,44109,32.64027,14.210792,24.362929,41.894708,8.266846,3.314432,22.59903,41.205203,2015-01-01,Sonora,Sonora
11743,26,Sonora,26003,Álamos,Población por sexo: hombres,12326,49.337022,25.69375,8.462176,74.432095,18.810755,51.261045,26.579904,51.300522,2015-01-01,Sonora,Sonora
11744,26,Sonora,26004,Altar,Población por sexo: hombres,4880,45.757927,22.74018,18.646474,71.462376,10.790345,6.956933,16.327496,50.760767,2015-01-01,Sonora,Sonora
11745,26,Sonora,26005,Arivechi,Población por sexo: hombres,606,26.1,26.521739,14.782609,64.347826,-999.0,21.956522,21.086957,27.934783,2015-01-01,Sonora,Sonora
11746,26,Sonora,26006,Arizpe,Población por sexo: hombres,1405,25.69607,23.842795,20.174672,71.441048,6.550218,-999.0,5.676856,28.178166,2015-01-01,Sonora,Sonora
11747,26,Sonora,26007,Atil,Población por sexo: hombres,298,-999.0,16.796875,11.71875,55.46875,-999.0,-999.0,18.359375,-999.0,2015-01-01,Sonora,Sonora
11748,26,Sonora,26008,Bacadéhuachi,Población por sexo: hombres,595,34.72434,32.55132,12.903226,77.419355,-999.0,-999.0,15.835777,36.354839,2015-01-01,Sonora,Sonora
11749,26,Sonora,26009,Bacanora,Población por sexo: hombres,445,-999.0,30.71066,15.989848,68.274112,-999.0,-999.0,-999.0,-999.0,2015-01-01,Sonora,Sonora
11750,26,Sonora,26010,Bacerac,Población por sexo: hombres,744,43.943182,26.420455,13.068182,83.522727,-999.0,30.681818,-999.0,45.826705,2015-01-01,Sonora,Sonora
11751,26,Sonora,26011,Bacoachi,Población por sexo: hombres,812,34.669421,18.347107,12.231405,73.22314,-999.0,-999.0,7.107438,39.747107,2015-01-01,Sonora,Sonora
11752,26,Sonora,26012,Bácum,Población por sexo: hombres,11441,46.244416,20.238723,16.248866,53.185056,17.645948,23.523294,32.752613,57.247503,2015-01-01,Sonora,Sonora
11753,26,Sonora,26013,Banámichi,Población por sexo: hombres,835,-999.0,17.333333,9.833333,62.166667,-999.0,-999.0,-999.0,-999.0,2015-01-01,Sonora,Sonora
11754,26,Sonora,26014,Baviácora,Población por sexo: hombres,1787,-999.0,20.26862,12.087912,64.713065,5.799756,3.724054,6.349206,-999.0,2015-01-01,Sonora,Sonora
11755,26,Sonora,26015,Bavispe,Población por sexo: hombres,808,44.568384,28.419183,-999.0,83.48135,-999.0,4.973357,-999.0,46.609236,2015-01-01,Sonora,Sonora
11756,26,Sonora,26016,Benjamín Hill,Población por sexo: hombres,2604,28.906406,16.038164,9.359382,41.844616,6.088142,6.860518,15.538392,39.845525,2015-01-01,Sonora,Sonora
11757,26,Sonora,26017,Caborca,Población por sexo: hombres,44612,30.453644,18.002439,19.820153,49.551359,11.407617,8.855592,25.962667,38.149157,2015-01-01,Sonora,Sonora
11758,26,Sonora,26018,Cajeme,Población por sexo: hombres,217712,28.718398,10.902837,14.401926,32.098024,6.056644,4.078628,22.174785,42.045927,2015-01-01,Sonora,Sonora
11759,26,Sonora,26019,Cananea,Población por sexo: hombres,17995,25.715024,10.069872,8.665657,40.385957,6.370321,5.490067,13.330397,35.623977,2015-01-01,Sonora,Sonora
11760,26,Sonora,26020,Carbó,Población por sexo: hombres,2551,40.934783,25.521739,20.608696,68.782609,12.391304,10.26087,19.565217,45.135652,2015-01-01,Sonora,Sonora
11761,26,Sonora,26021,La Colorada,Población por sexo: hombres,1191,-999.0,30.912477,21.6946,49.81378,9.217877,17.597765,10.428305,-999.0,2015-01-01,Sonora,Sonora
11762,26,Sonora,26022,Cucurpe,Población por sexo: hombres,551,17.448133,28.008299,12.240664,66.59751,-999.0,9.3361,-999.0,19.59751,2015-01-01,Sonora,Sonora
11763,26,Sonora,26023,Cumpas,Población por sexo: hombres,3162,22.78243,15.700935,4.186916,45.906542,-999.0,4.859813,9.420561,31.30243,2015-01-01,Sonora,Sonora
11764,26,Sonora,26024,Divisaderos,Población por sexo: hombres,381,-999.0,19.169329,12.140575,73.801917,-999.0,-999.0,-999.0,-999.0,2015-01-01,Sonora,Sonora
11765,26,Sonora,26025,Empalme,Población por sexo: hombres,29795,28.231382,14.075714,14.039094,35.686501,10.484516,6.717407,27.723098,36.991831,2015-01-01,Sonora,Sonora
11766,26,Sonora,26026,Etchojoa,Población por sexo: hombres,30396,50.11167,16.515326,14.778184,61.040927,26.614179,55.560119,37.52731,55.950574,2015-01-01,Sonora,Sonora
11767,26,Sonora,26027,Fronteras,Población por sexo: hombres,4526,22.971332,12.353401,10.555121,29.033099,6.802189,4.691165,10.007819,38.954913,2015-01-01,Sonora,Sonora
11768,26,Sonora,26028,Granados,Población por sexo: hombres,554,-999.0,17.532468,9.52381,60.606061,-999.0,-999.0,-999.0,-999.0,2015-01-01,Sonora,Sonora
11769,26,Sonora,26029,Guaymas,Población por sexo: hombres,83357,30.524691,13.784308,13.505436,33.484307,13.231251,15.503842,33.441183,38.298717,2015-01-01,Sonora,Sonora
11770,26,Sonora,26030,Hermosillo,Población por sexo: hombres,455596,19.385149,10.369262,14.21946,32.985945,5.770455,4.778007,22.114418,25.233533,2015-01-01,Sonora,Sonora
11771,26,Sonora,26031,Huachinera,Población por sexo: hombres,666,28.350427,22.564103,15.042735,81.538462,-999.0,30.08547,14.700855,29.234188,2015-01-01,Sonora,Sonora
11772,26,Sonora,26032,Huásabas,Población por sexo: hombres,498,-999.0,16.949153,15.012107,57.627119,-999.0,-999.0,-999.0,-999.0,2015-01-01,Sonora,Sonora
11773,26,Sonora,26033,Huatabampo,Población por sexo: hombres,41278,46.644491,15.964989,11.808506,61.116701,16.803332,36.843489,35.08994,51.836991,2015-01-01,Sonora,Sonora
11774,26,Sonora,26034,Huépac,Población por sexo: hombres,485,-999.0,16.938111,-999.0,52.442997,-999.0,-999.0,-999.0,-999.0,2015-01-01,Sonora,Sonora
11775,26,Sonora,26035,Imuris,Población por sexo: hombres,6559,26.824439,18.274237,22.840115,65.168875,8.890467,5.575437,14.768606,29.843123,2015-01-01,Sonora,Sonora
11776,26,Sonora,26036,Magdalena,Población por sexo: hombres,16091,29.397177,14.432939,15.993688,45.076978,8.139094,2.162753,18.607956,37.279601,2015-01-01,Sonora,Sonora
11777,26,Sonora,26037,Mazatán,Población por sexo: hombres,698,18.617225,22.169059,22.009569,60.76555,-999.0,-999.0,8.293461,20.926635,2015-01-01,Sonora,Sonora
11778,26,Sonora,26038,Moctezuma,Población por sexo: hombres,2554,21.464808,15.493601,2.605119,46.206581,-999.0,-999.0,11.654479,27.552102,2015-01-01,Sonora,Sonora
11779,26,Sonora,26039,Naco,Población por sexo: hombres,3204,30.535599,15.384615,21.610018,63.470483,9.0161,2.826476,12.987478,35.157424,2015-01-01,Sonora,Sonora
11780,26,Sonora,26040,Nácori Chico,Población por sexo: hombres,1092,60.249102,31.976048,17.125749,82.39521,9.700599,23.353293,12.45509,62.700599,2015-01-01,Sonora,Sonora
11781,26,Sonora,26041,Nacozari de García,Población por sexo: hombres,6910,15.182824,10.144685,6.077443,21.349552,14.020155,3.476372,16.957812,21.159173,2015-01-01,Sonora,Sonora
11782,26,Sonora,26042,Navojoa,Población por sexo: hombres,82365,36.360635,13.091446,12.041006,35.011178,12.739916,26.385813,26.485985,46.536171,2015-01-01,Sonora,Sonora
11783,26,Sonora,26043,Nogales,Población por sexo: hombres,123339,23.193782,11.261115,16.494215,31.551228,7.885454,11.300652,23.060546,30.255335,2015-01-01,Sonora,Sonora
11784,26,Sonora,26044,Ónavas,Población por sexo: hombres,265,-999.0,28.75,39.166667,77.5,-999.0,-999.0,-999.0,-999.0,2015-01-01,Sonora,Sonora
11785,26,Sonora,26045,Opodepe,Población por sexo: hombres,1448,28.281131,29.258976,18.411001,69.060351,11.993888,20.015279,18.02903,30.144385,2015-01-01,Sonora,Sonora
11786,26,Sonora,26046,Oquitoa,Población por sexo: hombres,173,-999.0,43.076923,-999.0,60.769231,-999.0,-999.0,-999.0,-999.0,2015-01-01,Sonora,Sonora
11787,26,Sonora,26047,Pitiquito,Población por sexo: hombres,5071,26.425052,21.482846,8.795763,42.228874,16.4863,6.884642,10.822012,33.191803,2015-01-01,Sonora,Sonora
11788,26,Sonora,26048,Puerto Peñasco,Población por sexo: hombres,33157,39.731241,14.36213,18.758594,51.112004,10.28006,3.867638,29.409885,48.280153,2015-01-01,Sonora,Sonora
11789,26,Sonora,26049,Quiriego,Población por sexo: hombres,1559,58.957736,35.028653,12.893983,74.928367,23.853868,47.56447,9.95702,61.842407,2015-01-01,Sonora,Sonora
11790,26,Sonora,26050,Rayón,Población por sexo: hombres,782,30.637703,29.602356,11.192931,74.37408,-999.0,7.952872,19.734904,32.39028,2015-01-01,Sonora,Sonora
11791,26,Sonora,26051,Rosario,Población por sexo: hombres,2733,49.324324,29.94423,12.097812,56.799657,17.460317,34.791935,14.114114,57.68683,2015-01-01,Sonora,Sonora
11792,26,Sonora,26052,Sahuaripa,Población por sexo: hombres,3049,40.226699,24.786325,16.117216,66.341066,11.029711,9.72731,13.919414,44.929182,2015-01-01,Sonora,Sonora
11793,26,Sonora,26053,San Felipe de Jesús,Población por sexo: hombres,227,-999.0,25.6,15.2,43.2,-999.0,-999.0,-999.0,-999.0,2015-01-01,Sonora,Sonora
11794,26,Sonora,26054,San Javier,Población por sexo: hombres,315,-999.0,25.43554,20.209059,58.885017,27.526132,26.829268,-999.0,-999.0,2015-01-01,Sonora,Sonora
11795,26,Sonora,26055,San Luis Río Colorado,Población por sexo: hombres,101749,40.30496,16.573039,31.309647,56.681846,9.976525,7.741861,27.036154,47.183093,2015-01-01,Sonora,Sonora
11796,26,Sonora,26056,San Miguel de Horcasitas,Población por sexo: hombres,4811,46.665119,40.087998,26.961623,88.364703,39.452457,43.070154,29.552677,47.825959,2015-01-01,Sonora,Sonora
11797,26,Sonora,26057,San Pedro de la Cueva,Población por sexo: hombres,838,18.182781,29.006623,15.496689,64.370861,6.754967,30.728477,8.874172,19.287417,2015-01-01,Sonora,Sonora
11798,26,Sonora,26058,Santa Ana,Población por sexo: hombres,8230,24.398784,14.689047,9.166978,50.8468,5.486602,5.113293,17.480738,30.658876,2015-01-01,Sonora,Sonora
11799,26,Sonora,26059,Santa Cruz,Población por sexo: hombres,894,34.826701,19.383825,16.688062,77.278562,7.958922,-999.0,-999.0,37.786906,2015-01-01,Sonora,Sonora
11800,26,Sonora,26060,Sáric,Población por sexo: hombres,864,-999.0,26.638773,27.615063,86.471409,11.297071,7.810321,23.849372,-999.0,2015-01-01,Sonora,Sonora
11801,26,Sonora,26061,Soyopa,Población por sexo: hombres,796,22.860432,31.654676,29.064748,63.453237,14.244604,-999.0,-999.0,23.953957,2015-01-01,Sonora,Sonora
11802,26,Sonora,26062,Suaqui Grande,Población por sexo: hombres,646,-999.0,25.385935,20.411664,67.409949,5.488851,-999.0,12.521441,-999.0,2015-01-01,Sonora,Sonora
11803,26,Sonora,26063,Tepache,Población por sexo: hombres,660,-999.0,24.701874,15.502555,68.143101,-999.0,7.495741,10.221465,-999.0,2015-01-01,Sonora,Sonora
11804,26,Sonora,26064,Trincheras,Población por sexo: hombres,899,-999.0,29.949239,15.609137,71.446701,8.121827,14.720812,16.243655,-999.0,2015-01-01,Sonora,Sonora
11805,26,Sonora,26065,Tubutama,Población por sexo: hombres,640,-999.0,28.977273,11.363636,79.166667,7.19697,12.878788,15.530303,-999.0,2015-01-01,Sonora,Sonora
11806,26,Sonora,26066,Ures,Población por sexo: hombres,4659,18.105598,20.606209,8.0176,59.618675,4.106575,4.693229,11.390858,20.842581,2015-01-01,Sonora,Sonora
11807,26,Sonora,26067,Villa Hidalgo,Población por sexo: hombres,849,-999.0,18.688525,13.606557,50.491803,-999.0,4.918033,-999.0,-999.0,2015-01-01,Sonora,Sonora
11808,26,Sonora,26068,Villa Pesqueira,Población por sexo: hombres,664,38.241055,22.410546,19.397363,61.958569,-999.0,6.779661,7.909605,43.708098,2015-01-01,Sonora,Sonora
11809,26,Sonora,26069,Yécora,Población por sexo: hombres,3136,70.919284,30.298211,19.681909,81.94831,16.500994,48.389662,13.399602,73.82664,2015-01-01,Sonora,Sonora
11810,26,Sonora,26070,General Plutarco Elías Calles,Población por sexo: hombres,-888,-888.0,-888.0,-888.0,-888.0,-888.0,-888.0,-888.0,-888.0,2015-01-01,Sonora,Sonora
11811,26,Sonora,26071,Benito Juárez,Población por sexo: hombres,11358,43.107221,17.169141,13.180809,60.116855,17.716833,15.333646,34.059447,50.974548,2015-01-01,Sonora,Sonora
11812,26,Sonora,26072,San Ignacio Río Muerto,Población por sexo: hombres,7437,55.052156,21.300491,14.868348,61.048843,22.070583,40.362136,36.972591,60.926875,2015-01-01,Sonora,Sonora
14197,26,Sonora,26001,Aconchi,Población por sexo: hombres,1385,-999.0,24.844237,23.05296,68.613707,12.772586,4.750779,9.735202,-999.0,2010-01-01,Sonora,Sonora
14198,26,Sonora,26002,Agua Prieta,Población por sexo: hombres,40391,36.379457,14.876987,36.166739,53.935909,8.306617,5.245391,16.217793,44.386746,2010-01-01,Sonora,Sonora
14199,26,Sonora,26003,Álamos,Población por sexo: hombres,14291,64.268768,26.696556,17.362763,82.0261,27.648952,62.268176,56.383139,66.128885,2010-01-01,Sonora,Sonora
14200,26,Sonora,26004,Altar,Población por sexo: hombres,5059,45.898172,31.13577,41.710183,74.086162,12.597911,15.535248,9.203655,50.410574,2010-01-01,Sonora,Sonora
14201,26,Sonora,26005,Arivechi,Población por sexo: hombres,630,30.333887,29.568106,30.564784,71.262458,-999.0,18.272425,11.627907,33.056478,2010-01-01,Sonora,Sonora
14202,26,Sonora,26006,Arizpe,Población por sexo: hombres,1565,-999.0,27.118644,22.669492,75.847458,8.545198,10.09887,5.014124,-999.0,2010-01-01,Sonora,Sonora
14203,26,Sonora,26007,Atil,Población por sexo: hombres,322,-999.0,18.411552,27.075812,66.787004,-999.0,-999.0,-999.0,-999.0,2010-01-01,Sonora,Sonora
14204,26,Sonora,26008,Bacadéhuachi,Población por sexo: hombres,667,39.025039,32.86385,28.169014,80.907668,-999.0,12.050078,23.317684,41.511737,2010-01-01,Sonora,Sonora
14205,26,Sonora,26009,Bacanora,Población por sexo: hombres,411,45.21066,36.294416,27.664975,68.527919,8.629442,-999.0,-999.0,47.814721,2010-01-01,Sonora,Sonora
14206,26,Sonora,26010,Bacerac,Población por sexo: hombres,757,42.865522,24.463519,34.191702,80.257511,15.021459,27.610873,33.190272,44.845494,2010-01-01,Sonora,Sonora
14207,26,Sonora,26011,Bacoachi,Población por sexo: hombres,831,30.074224,27.80027,27.260459,75.303644,6.747638,11.20108,6.072874,32.134953,2010-01-01,Sonora,Sonora
14208,26,Sonora,26012,Bácum,Población por sexo: hombres,12172,44.59879,18.877477,30.180874,58.242251,13.900657,-999.0,45.352021,49.401848,2010-01-01,Sonora,Sonora
14209,26,Sonora,26013,Banámichi,Población por sexo: hombres,822,32.348837,21.067031,15.731874,66.757866,12.859097,-999.0,-999.0,37.374829,2010-01-01,Sonora,Sonora
14210,26,Sonora,26014,Baviácora,Población por sexo: hombres,1820,30.325735,25.314937,30.353929,60.767846,5.458908,3.659268,7.678464,36.442112,2010-01-01,Sonora,Sonora
14211,26,Sonora,26015,Bavispe,Población por sexo: hombres,777,-999.0,30.265211,42.901716,88.455538,8.736349,6.396256,-999.0,-999.0,2010-01-01,Sonora,Sonora
14212,26,Sonora,26016,Benjamín Hill,Población por sexo: hombres,2768,34.217687,18.14059,17.157974,44.671202,12.622827,8.61678,11.186697,49.111867,2010-01-01,Sonora,Sonora
14213,26,Sonora,26017,Caborca,Población por sexo: hombres,40606,31.692671,18.242521,27.59599,55.983281,11.219001,13.235505,17.704133,38.700419,2010-01-01,Sonora,Sonora
14214,26,Sonora,26018,Cajeme,Población por sexo: hombres,208562,27.405815,-999.0,19.415284,37.160392,6.266309,2.944822,26.748076,35.184012,2010-01-01,Sonora,Sonora
14215,26,Sonora,26019,Cananea,Población por sexo: hombres,17470,35.977878,10.404975,19.661136,66.780642,-999.0,8.020588,7.348918,43.193577,2010-01-01,Sonora,Sonora
14216,26,Sonora,26020,Carbó,Población por sexo: hombres,1754,50.898764,30.606239,35.844614,73.631548,20.718069,10.417893,27.427899,56.132431,2010-01-01,Sonora,Sonora
14217,26,Sonora,26021,La Colorada,Población por sexo: hombres,905,-999.0,35.968379,40.447958,62.977602,11.330698,22.661397,-999.0,-999.0,2010-01-01,Sonora,Sonora
14218,26,Sonora,26022,Cucurpe,Población por sexo: hombres,523,37.530398,35.639413,24.109015,75.681342,7.966457,27.044025,-999.0,-999.0,2010-01-01,Sonora,Sonora
14219,26,Sonora,26023,Cumpas,Población por sexo: hombres,2902,26.068362,18.521463,14.5469,52.54372,-999.0,5.405405,8.187599,33.927663,2010-01-01,Sonora,Sonora
14220,26,Sonora,26024,Divisaderos,Población por sexo: hombres,419,-999.0,19.66759,22.437673,72.299169,-999.0,-999.0,-999.0,-999.0,2010-01-01,Sonora,Sonora
14221,26,Sonora,26025,Empalme,Población por sexo: hombres,27961,37.189009,13.533688,19.451376,47.067788,16.644318,-999.0,40.336789,44.488691,2010-01-01,Sonora,Sonora
14222,26,Sonora,26026,Etchojoa,Población por sexo: hombres,33380,57.85209,18.546568,29.624415,70.806589,40.527104,58.62621,66.727968,60.933211,2010-01-01,Sonora,Sonora
14223,26,Sonora,26027,Fronteras,Población por sexo: hombres,4890,30.776479,16.820328,28.176299,38.250506,9.714414,4.250056,12.637733,53.193839,2010-01-01,Sonora,Sonora
14224,26,Sonora,26028,Granados,Población por sexo: hombres,599,-999.0,22.627737,20.80292,69.708029,-999.0,-999.0,-999.0,30.806569,2010-01-01,Sonora,Sonora
14225,26,Sonora,26029,Guaymas,Población por sexo: hombres,76121,29.585425,11.998209,14.163464,37.062812,17.170941,19.849725,43.334252,33.964182,2010-01-01,Sonora,Sonora
14226,26,Sonora,26030,Hermosillo,Población por sexo: hombres,399509,25.372659,12.029268,23.586387,41.454808,8.458554,6.616592,16.622335,32.778119,2010-01-01,Sonora,Sonora
14227,26,Sonora,26031,Huachinera,Población por sexo: hombres,706,31.169184,28.398792,31.268882,87.462236,16.314199,17.673716,10.120846,31.960725,2010-01-01,Sonora,Sonora
14228,26,Sonora,26032,Huásabas,Población por sexo: hombres,517,51.051064,22.553191,30.0,62.978723,-999.0,-999.0,-999.0,62.480851,2010-01-01,Sonora,Sonora
14229,26,Sonora,26033,Huatabampo,Población por sexo: hombres,48428,53.47958,16.036199,21.361532,66.660356,18.517545,-999.0,67.075229,56.290966,2010-01-01,Sonora,Sonora
14230,26,Sonora,26034,Huépac,Población por sexo: hombres,591,-999.0,20.35225,13.111546,46.771037,-999.0,-999.0,-999.0,-999.0,2010-01-01,Sonora,Sonora
14231,26,Sonora,26035,Imuris,Población por sexo: hombres,5815,43.534979,17.027804,38.540475,70.956763,12.043309,-999.0,28.797393,48.018702,2010-01-01,Sonora,Sonora
14232,26,Sonora,26036,Magdalena,Población por sexo: hombres,15706,33.476223,16.229032,25.079461,52.019823,5.984475,-999.0,13.621542,41.311295,2010-01-01,Sonora,Sonora
14233,26,Sonora,26037,Mazatán,Población por sexo: hombres,699,-999.0,27.392739,41.584158,65.841584,-999.0,10.066007,-999.0,-999.0,2010-01-01,Sonora,Sonora
14234,26,Sonora,26038,Moctezuma,Población por sexo: hombres,2940,26.053394,18.764302,7.704043,50.495805,5.18688,-999.0,-999.0,35.243326,2010-01-01,Sonora,Sonora
14235,26,Sonora,26039,Naco,Población por sexo: hombres,3038,53.312548,18.51711,51.026616,76.539924,9.011407,-999.0,9.239544,61.7327,2010-01-01,Sonora,Sonora
14236,26,Sonora,26040,Nácori Chico,Población por sexo: hombres,1066,58.232487,33.908629,35.532995,84.467005,9.746193,24.365482,19.187817,60.538071,2010-01-01,Sonora,Sonora
14237,26,Sonora,26041,Nacozari de García,Población por sexo: hombres,5366,21.779306,11.739466,13.590546,21.593893,13.873396,-999.0,-999.0,36.162871,2010-01-01,Sonora,Sonora
14238,26,Sonora,26042,Navojoa,Población por sexo: hombres,91743,43.423214,14.905134,19.215458,44.855015,19.141536,37.871349,49.084205,47.965286,2010-01-01,Sonora,Sonora
14239,26,Sonora,26043,Nogales,Población por sexo: hombres,114657,30.776973,12.019788,24.054824,40.468816,9.639288,28.138069,16.909228,37.815621,2010-01-01,Sonora,Sonora
14240,26,Sonora,26044,Ónavas,Población por sexo: hombres,215,-999.0,42.253521,45.070423,68.309859,-999.0,-999.0,-999.0,-999.0,2010-01-01,Sonora,Sonora
14241,26,Sonora,26045,Opodepe,Población por sexo: hombres,1525,46.331822,30.914588,28.344671,75.888133,15.948602,29.176115,34.240363,-999.0,2010-01-01,Sonora,Sonora
14242,26,Sonora,26046,Oquitoa,Población por sexo: hombres,211,-999.0,25.142857,35.428571,72.0,-999.0,-999.0,25.142857,-999.0,2010-01-01,Sonora,Sonora
14243,26,Sonora,26047,Pitiquito,Población por sexo: hombres,4277,31.858599,23.96029,26.965388,46.63268,18.352562,6.251677,-999.0,42.982828,2010-01-01,Sonora,Sonora
14244,26,Sonora,26048,Puerto Peñasco,Población por sexo: hombres,26159,40.610898,14.656052,32.7016,53.902472,17.630384,8.541066,18.83013,49.28425,2010-01-01,Sonora,Sonora
14245,26,Sonora,26049,Quiriego,Población por sexo: hombres,1771,-999.0,37.681159,58.727158,78.890989,34.467549,55.828607,62.759924,-999.0,2010-01-01,Sonora,Sonora
14246,26,Sonora,26050,Rayón,Población por sexo: hombres,850,36.43196,32.459426,39.076155,76.654182,10.611735,11.985019,13.483146,38.388265,2010-01-01,Sonora,Sonora
14247,26,Sonora,26051,Rosario,Población por sexo: hombres,2638,51.809098,34.118603,27.701056,66.043867,23.883022,39.642567,35.580829,59.362307,2010-01-01,Sonora,Sonora
14248,26,Sonora,26052,Sahuaripa,Población por sexo: hombres,3046,46.572336,30.134086,44.107269,69.583627,-999.0,-999.0,11.291461,53.652082,2010-01-01,Sonora,Sonora
14249,26,Sonora,26053,San Felipe de Jesús,Población por sexo: hombres,201,-999.0,13.414634,-999.0,55.487805,-999.0,-999.0,-999.0,-999.0,2010-01-01,Sonora,Sonora
14250,26,Sonora,26054,San Javier,Población por sexo: hombres,261,-999.0,24.390244,64.878049,70.731707,-999.0,33.658537,-888.0,-999.0,2010-01-01,Sonora,Sonora
14251,26,Sonora,26055,San Luis Río Colorado,Población por sexo: hombres,86129,36.404185,16.02466,41.98952,61.753734,11.080975,9.593701,13.224775,42.25248,2010-01-01,Sonora,Sonora
14252,26,Sonora,26056,San Miguel de Horcasitas,Población por sexo: hombres,3924,62.42488,39.158231,48.028769,83.910495,44.592435,39.131593,63.399041,64.22536,2010-01-01,Sonora,Sonora
14253,26,Sonora,26057,San Pedro de la Cueva,Población por sexo: hombres,849,28.73385,31.782946,42.248062,68.346253,6.589147,34.625323,9.043928,30.755814,2010-01-01,Sonora,Sonora
14254,26,Sonora,26058,Santa Ana,Población por sexo: hombres,7579,34.894904,16.091301,25.554892,59.829485,8.489726,9.860186,-999.0,42.705657,2010-01-01,Sonora,Sonora
14255,26,Sonora,26059,Santa Cruz,Población por sexo: hombres,985,29.062771,20.34632,57.683983,85.17316,-999.0,20.238095,12.662338,30.125541,2010-01-01,Sonora,Sonora
14256,26,Sonora,26060,Sáric,Población por sexo: hombres,1401,24.084609,29.814666,24.496374,91.297341,14.343272,15.149073,23.771152,24.348106,2010-01-01,Sonora,Sonora
14257,26,Sonora,26061,Soyopa,Población por sexo: hombres,703,-999.0,35.746606,39.819005,65.61086,8.446456,11.312217,7.692308,-999.0,2010-01-01,Sonora,Sonora
14258,26,Sonora,26062,Suaqui Grande,Población por sexo: hombres,596,27.878505,31.401869,43.364486,73.084112,-999.0,-999.0,16.82243,29.945794,2010-01-01,Sonora,Sonora
14259,26,Sonora,26063,Tepache,Población por sexo: hombres,709,37.493528,30.906149,8.899676,77.508091,11.165049,7.443366,23.462783,-999.0,2010-01-01,Sonora,Sonora
14260,26,Sonora,26064,Trincheras,Población por sexo: hombres,921,-999.0,34.190231,26.092545,70.051414,15.424165,28.40617,16.580977,-999.0,2010-01-01,Sonora,Sonora
14261,26,Sonora,26065,Tubutama,Población por sexo: hombres,895,-999.0,31.79669,21.513002,85.933806,8.274232,16.07565,19.030733,-999.0,2010-01-01,Sonora,Sonora
14262,26,Sonora,26066,Ures,Población por sexo: hombres,4290,32.556632,23.025335,22.056632,62.369598,7.004471,8.643815,7.824143,38.61997,2010-01-01,Sonora,Sonora
14263,26,Sonora,26067,Villa Hidalgo,Población por sexo: hombres,892,-999.0,23.728814,21.549637,54.842615,4.237288,-999.0,6.779661,-999.0,2010-01-01,Sonora,Sonora
14264,26,Sonora,26068,Villa Pesqueira,Población por sexo: hombres,684,-999.0,23.038397,29.215359,77.295492,-999.0,9.015025,-999.0,-999.0,2010-01-01,Sonora,Sonora
14265,26,Sonora,26069,Yécora,Población por sexo: hombres,3170,69.482621,35.010862,56.4084,86.205648,25.597393,60.8979,32.548878,71.687545,2010-01-01,Sonora,Sonora
14266,26,Sonora,26070,General Plutarco Elías Calles,Población por sexo: hombres,5703,49.313824,25.705787,53.505884,73.966575,16.052715,16.959136,8.850567,54.888378,2010-01-01,Sonora,Sonora
14267,26,Sonora,26071,Benito Juárez,Población por sexo: hombres,10238,52.165067,20.532454,26.393405,71.456355,21.924953,35.752625,38.073783,55.922325,2010-01-01,Sonora,Sonora
14268,26,Sonora,26072,San Ignacio Río Muerto,Población por sexo: hombres,8307,53.771788,18.522855,26.066722,67.332425,30.181626,52.996193,62.475215,55.977279,2010-01-01,Sonora,Sonora
